{
    "RMSE": 0.8031192316982254,
    "MAE": 0.6551462834843995,
    "R2_SCORE": 0.013014969842177981
}